"time","prediction"
621,563.89967232118
622,661.375120622752
623,761.602381074929
624,826.303962956911
625,884.417192811665
626,920.42965146499
627,950.519613105048
628,968.361955586055
629,982.614911888257
630,990.614912881702
